Company Name,Rating,Total Reviews,Industry,Headquarters,Primary HQ
TCS,3.3,120000,IT Services & Consulting,Bengaluru +445 other locations,Bengaluru
Accenture,3.7,74500,IT Services & Consulting,Bengaluru +260 other locations,Bengaluru
Wipro,3.6,65800,IT Services & Consulting,Hyderabad +375 other locations,Hyderabad
Cognizant,3.7,62200,IT Services & Consulting,Hyderabad +233 other locations,Hyderabad
Capgemini,3.6,54200,IT Services & Consulting,Bengaluru +185 other locations,Bengaluru
Infosys,3.5,49500,IT Services & Consulting,Bengaluru +247 other locations,Bengaluru
HCLTech,3.4,46600,IT Services & Consulting,Chennai +231 other locations,Chennai
Tech Mahindra,3.3,43900,IT Services & Consulting,Hyderabad +323 other locations,Hyderabad
LTIMindtree,3.6,26800,IT Services & Consulting,Bengaluru +145 other locations,Bengaluru
IBM,3.9,26000,IT Services & Consulting,Bengaluru +162 other locations,Bengaluru
WNS,3.3,15500,IT Services & Consulting,Pune +66 other locations,Pune
DXC Technology,3.6,12200,IT Services & Consulting,Bengaluru +131 other locations,Bengaluru
Digitide Solutions,3.5,10500,IT Services & Consulting,Hyderabad +275 other locations,Hyderabad
Mphasis,3.3,10400,IT Services & Consulting,Bengaluru +63 other locations,Bengaluru
Coforge,3.3,9000,IT Services & Consulting,Hyderabad +113 other locations,Hyderabad
Optum Global Solutions,4.0,8100,IT Services & Consulting,Hyderabad +69 other locations,Hyderabad
Hexaware Technologies,3.4,7800,IT Services & Consulting,Chennai +71 other locations,Chennai
L&T Technology Services,3.1,6700,IT Services & Consulting,Bengaluru +95 other locations,Bengaluru
eClerx,3.1,6400,IT Services & Consulting,Pune +33 other locations,Pune
Virtusa Consulting Services,3.7,6200,IT Services & Consulting,Hyderabad +56 other locations,Hyderabad
HCL Group,3.5,6100,IT Services & Consulting,Chennai +97 other locations,Chennai
GlobalLogic,3.5,5900,IT Services & Consulting,Hyderabad +62 other locations,Hyderabad
UST,3.7,5800,IT Services & Consulting,Bengaluru +52 other locations,Bengaluru
Bosch Global Software Technologies,3.7,5700,IT Services & Consulting,Bengaluru +47 other locations,Bengaluru
CGI Inc,4.0,5500,IT Services & Consulting,Bengaluru +43 other locations,Bengaluru
Cyient,3.6,5400,IT Services & Consulting,Hyderabad +49 other locations,Hyderabad
NTT DATA,3.8,5400,IT Services & Consulting,Bengaluru +81 other locations,Bengaluru
Persistent Systems,3.6,5100,IT Services & Consulting,Pune +42 other locations,Pune
Atos,3.8,5000,IT Services & Consulting,Pune +50 other locations,Pune
ITC Infotech,3.8,5000,IT Services & Consulting,Bengaluru +69 other locations,Bengaluru
Nagarro,3.9,4800,IT Services & Consulting,Gurugram +48 other locations,Gurugram
Eviden,3.6,4800,IT Services & Consulting,Pune +39 other locations,Pune
EY Global Delivery Services ( EY GDS),3.5,4700,IT Services & Consulting,Bengaluru +57 other locations,Bengaluru
Hewlett Packard Enterprise,4.0,4700,IT Services & Consulting,Bengaluru +104 other locations,Bengaluru
Carelon Global Solutions,3.9,4300,IT Services & Consulting,Bengaluru +20 other locations,Bengaluru
Publicis Sapient,3.2,4100,IT Services & Consulting,Bengaluru +47 other locations,Bengaluru
Kyndryl,3.9,3900,IT Services & Consulting,Bengaluru +39 other locations,Bengaluru
Birlasoft,3.4,3800,IT Services & Consulting,Pune +50 other locations,Pune
Synechron,3.4,3800,IT Services & Consulting,Pune +33 other locations,Pune
"NTT DATA, Inc.",3.9,3600,IT Services & Consulting,Bengaluru +38 other locations,Bengaluru
Societe Generale Global Solution Centre,3.6,3200,IT Services & Consulting,Bengaluru +24 other locations,Bengaluru
Quest Global,3.5,3200,IT Services & Consulting,Bengaluru +49 other locations,Bengaluru
Tata Elxsi,3.4,3100,IT Services & Consulting,Bengaluru +31 other locations,Bengaluru
Zensar Technologies,3.7,3000,IT Services & Consulting,Pune +29 other locations,Pune
CMS IT Services,3.1,3000,IT Services & Consulting,Mumbai +153 other locations,Mumbai
Fujitsu,3.8,3000,IT Services & Consulting,Pune +41 other locations,Pune
VVDN Technologies,3.6,3000,IT Services & Consulting,Gurugram +51 other locations,Gurugram
Movate,3.1,2700,IT Services & Consulting,Chennai +38 other locations,Chennai
Photon Interactive,4.0,2700,IT Services & Consulting,Chennai +19 other locations,Chennai
Datamatics Global Services,3.4,2500,IT Services & Consulting,Mumbai +38 other locations,Mumbai
Newgen Software Technologies,4.1,2400,IT Services & Consulting,Noida +32 other locations,Noida
RMSI,3.5,2400,IT Services & Consulting,Hyderabad +25 other locations,Hyderabad
3i Infotech,3.5,2400,IT Services & Consulting,Mumbai +131 other locations,Mumbai
Capgemini Engineering,3.3,2400,IT Services & Consulting,Bengaluru +28 other locations,Bengaluru
Cybage,3.7,2400,IT Services & Consulting,Pune +15 other locations,Pune
Straive,3.3,2400,IT Services & Consulting,Chennai +33 other locations,Chennai
KocharTech,3.6,2300,IT Services & Consulting,Kolkata +25 other locations,Kolkata
Sopra Steria,3.9,2300,IT Services & Consulting,Noida +19 other locations,Noida
Xoriant,4.0,2300,IT Services & Consulting,Pune +23 other locations,Pune
Team Computers,3.6,2300,IT Services & Consulting,New Delhi +108 other locations,New
Sify Technologies,3.6,2200,IT Services & Consulting,Chennai +137 other locations,Chennai
ValueLabs,3.4,2200,IT Services & Consulting,Hyderabad +21 other locations,Hyderabad
Mercedes-Benz Research and Development India,3.5,2200,IT Services & Consulting,Bengaluru +53 other locations,Bengaluru
Jio Platforms,3.3,2200,IT Services & Consulting,Mumbai +105 other locations,Mumbai
NTT DATA Business Solutions,4.1,2200,IT Services & Consulting,Bengaluru +32 other locations,Bengaluru
Infinite Computer Solutions,3.2,2100,IT Services & Consulting,Bengaluru +36 other locations,Bengaluru
CitiusTech,3.1,2100,IT Services & Consulting,Mumbai +17 other locations,Mumbai
EPAM Systems,3.7,2100,IT Services & Consulting,Hyderabad +36 other locations,Hyderabad
YASH Technologies,3.6,2000,IT Services & Consulting,Hyderabad +32 other locations,Hyderabad
HSBC Electronic Data Processing,4.0,2000,IT Services & Consulting,Bengaluru +19 other locations,Bengaluru
NCR Voyix,3.4,2000,IT Services & Consulting,Hyderabad +89 other locations,Hyderabad
Microland,3.5,2000,IT Services & Consulting,Bengaluru +46 other locations,Bengaluru
TELUS Digital,3.5,2000,IT Services & Consulting,Noida +28 other locations,Noida
HTC Global Services,3.3,1900,IT Services & Consulting,Chennai +32 other locations,Chennai
Iris Software,3.7,1900,IT Services & Consulting,Noida +23 other locations,Noida
NeoSOFT,3.3,1900,IT Services & Consulting,Mumbai +26 other locations,Mumbai
Tekwissen,4.9,1900,IT Services & Consulting,Visakhapatnam +5 other locations,Visakhapatnam
AXA Global Business Services,3.7,1900,IT Services & Consulting,Pune +12 other locations,Pune
SS&C TECHNOLOGIES,3.2,1800,IT Services & Consulting,Mumbai +30 other locations,Mumbai
Orange Business,4.1,1700,IT Services & Consulting,Gurugram +52 other locations,Gurugram
Sysnet Global Technologies,3.6,1700,IT Services & Consulting,New Delhi +154 other locations,New
NEC,4.0,1700,IT Services & Consulting,Noida +54 other locations,Noida
Clover Infotech,3.3,1700,IT Services & Consulting,Mumbai +23 other locations,Mumbai
BA Continuum,3.9,1700,IT Services & Consulting,Hyderabad +17 other locations,Hyderabad
HERE Technologies,3.8,1600,IT Services & Consulting,Mumbai +19 other locations,Mumbai
iOPEX Technologies,3.1,1600,IT Services & Consulting,Chennai +15 other locations,Chennai
XL Dynamics,3.6,1500,IT Services & Consulting,Mumbai +31 other locations,Mumbai
Sonata Software,3.4,1500,IT Services & Consulting,Bengaluru +17 other locations,Bengaluru
QualityKiosk Technologies,3.2,1500,IT Services & Consulting,Mumbai +22 other locations,Mumbai
HCL Infosystems,4.0,1500,IT Services & Consulting,Noida +104 other locations,Noida
Happiest Minds Technologies,3.4,1500,IT Services & Consulting,Bengaluru +17 other locations,Bengaluru
ALTEN,3.5,1500,IT Services & Consulting,Bengaluru +28 other locations,Bengaluru
Apexon,3.3,1500,IT Services & Consulting,Bengaluru +23 other locations,Bengaluru
Altimetrik,3.5,1500,IT Services & Consulting,Bengaluru +15 other locations,Bengaluru
VOIS,3.8,1400,IT Services & Consulting,Pune +21 other locations,Pune
Tieto,4.1,1400,IT Services & Consulting,Pune +13 other locations,Pune
Slk Software Services,3.2,1400,IT Services & Consulting,Bengaluru +15 other locations,Bengaluru
Vfs Global Services,3.4,1400,IT Services & Consulting,Mumbai +32 other locations,Mumbai
TEKsystems,3.1,1400,IT Services & Consulting,Bengaluru +18 other locations,Bengaluru
Tata Group,4.2,1400,IT Services & Consulting,Mumbai +167 other locations,Mumbai
Unisys,3.4,1400,IT Services & Consulting,Bengaluru +18 other locations,Bengaluru
IDC Technologies,3.1,1400,IT Services & Consulting,Noida +66 other locations,Noida
iMerit,3.2,1400,IT Services & Consulting,Kolkata +20 other locations,Kolkata
TCS iON,3.8,1400,IT Services & Consulting,Bengaluru +113 other locations,Bengaluru
Incedo,2.9,1400,IT Services & Consulting,Gurugram +13 other locations,Gurugram
R Systems International,3.7,1400,IT Services & Consulting,Noida +23 other locations,Noida
INDIUM,3.9,1400,IT Services & Consulting,Chennai +13 other locations,Chennai
Aforeserve,3.4,1400,IT Services & Consulting,Mumbai +160 other locations,Mumbai
Brillio,3.3,1300,IT Services & Consulting,Bengaluru +14 other locations,Bengaluru
DEXIT Global,3.5,1300,IT Services & Consulting,Mumbai +151 other locations,Mumbai
GEP Worldwide,3.6,1300,IT Services & Consulting,Mumbai +17 other locations,Mumbai
Globant,3.4,1300,IT Services & Consulting,Pune +17 other locations,Pune
Centre for Development of Advanced Computing,3.7,1300,IT Services & Consulting,Pune +43 other locations,Pune
Samsung Research,3.0,1300,IT Services & Consulting,Bengaluru +21 other locations,Bengaluru
T-Systems ICT India,3.7,1300,IT Services & Consulting,Pune +17 other locations,Pune
Dell EMC,3.8,1300,IT Services & Consulting,Bengaluru +54 other locations,Bengaluru
Prodapt,3.5,1200,IT Services & Consulting,Chennai +16 other locations,Chennai
Innova Solutions,3.3,1200,IT Services & Consulting,Hyderabad +37 other locations,Hyderabad
Onward Technologies Inc,2.8,1100,IT Services & Consulting,Pune +64 other locations,Pune
Innodata India Private Limited,3.7,1100,IT Services & Consulting,Noida +23 other locations,Noida
CALIBEHR,3.9,1100,IT Services & Consulting,Mumbai +185 other locations,Mumbai
Northcorp Software,4.8,1100,IT Services & Consulting,Gurugram +7 other locations,Gurugram
Aspire Systems,3.8,1100,IT Services & Consulting,Chennai +23 other locations,Chennai
Netcracker Technology,3.0,1100,IT Services & Consulting,Hyderabad +12 other locations,Hyderabad
ValueMomentum,3.2,1000,IT Services & Consulting,Hyderabad +11 other locations,Hyderabad
Allianz Technology,4.0,1000,IT Services & Consulting,Pune +14 other locations,Pune
Visionet Systems,3.3,1000,IT Services & Consulting,Bengaluru +17 other locations,Bengaluru
Bounteous x Accolite,3.2,1000,IT Services & Consulting,Bengaluru +15 other locations,Bengaluru
Vaco Binary Semantics,3.1,1000,IT Services & Consulting,Gurugram +49 other locations,Gurugram
VeeTechnologies,4.0,1000,IT Services & Consulting,Bengaluru +41 other locations,Bengaluru
Mastek,3.5,1000,IT Services & Consulting,Mumbai +23 other locations,Mumbai
Tiger Analytics,3.7,1000,IT Services & Consulting,Bengaluru +17 other locations,Bengaluru
Xebia,3.0,1000,IT Services & Consulting,Gurugram +23 other locations,Gurugram
Amazon Web Services,3.8,1000,IT Services & Consulting,Bengaluru +62 other locations,Bengaluru
Lumina Datamatics,3.2,1000,IT Services & Consulting,Mumbai +20 other locations,Mumbai
Quantiphi Analytics Solutions Private Limited,3.1,996,IT Services & Consulting,Bengaluru +18 other locations,Bengaluru
Entain,3.5,994,IT Services & Consulting,Hyderabad +13 other locations,Hyderabad
Softenger,3.9,995,IT Services & Consulting,Pune +32 other locations,Pune
Barclays Global Service Centre,3.9,983,IT Services & Consulting,Pune +13 other locations,Pune
Xceedance,3.5,966,IT Services & Consulting,Gurugram +14 other locations,Gurugram
Velocis Systems,3.8,955,IT Services & Consulting,New Delhi +54 other locations,New
Episource,3.9,952,IT Services & Consulting,Chennai +19 other locations,Chennai
Test Yantra Software Solutions,3.0,927,IT Services & Consulting,Bengaluru +19 other locations,Bengaluru
Nityo Infotech,3.2,917,IT Services & Consulting,Bengaluru +32 other locations,Bengaluru
ACL Digital,3.6,904,IT Services & Consulting,Bengaluru +28 other locations,Bengaluru
RAMTeCH Software Solutions,3.7,895,IT Services & Consulting,Hyderabad +35 other locations,Hyderabad
Integra Software Services,3.9,885,IT Services & Consulting,Puducherry +19 other locations,Puducherry
MOURI Tech,3.6,878,IT Services & Consulting,Hyderabad +10 other locations,Hyderabad
Future Focus Infotech,3.3,874,IT Services & Consulting,Bengaluru +58 other locations,Bengaluru
Torry Harris Integration Solutions,4.1,874,IT Services & Consulting,Bengaluru +10 other locations,Bengaluru
enGen Global,3.8,867,IT Services & Consulting,Chennai +6 other locations,Chennai
Precision Infomatic M Pvt Ltd,3.8,864,IT Services & Consulting,Chennai +90 other locations,Chennai
KGISL,3.0,861,IT Services & Consulting,Coimbatore +21 other locations,Coimbatore
Impact Infotech Pvt. Ltd.,3.4,859,IT Services & Consulting,Mumbai +76 other locations,Mumbai
AuthBridge Research Services,3.2,852,IT Services & Consulting,Gurugram +21 other locations,Gurugram
Medusind Solutions,3.5,842,IT Services & Consulting,Chennai +11 other locations,Chennai
Luxoft,3.6,843,IT Services & Consulting,Bengaluru +22 other locations,Bengaluru
Ascendion,3.2,835,IT Services & Consulting,Bengaluru +16 other locations,Bengaluru
Ford Business Solutions,4.1,832,IT Services & Consulting,Chennai +51 other locations,Chennai
Qualitest,3.6,823,IT Services & Consulting,Bengaluru +22 other locations,Bengaluru
Progressive Techserve,3.2,807,IT Services & Consulting,Noida +68 other locations,Noida
Zidio Development,4.4,804,IT Services & Consulting,Bengaluru +35 other locations,Bengaluru
Maveric Systems,3.3,800,IT Services & Consulting,Chennai +11 other locations,Chennai
Creative Synergies Group,3.9,792,IT Services & Consulting,Bengaluru +9 other locations,Bengaluru
People Tech Group,2.3,789,IT Services & Consulting,Hyderabad +13 other locations,Hyderabad
Hitachi Digital Services,3.5,789,IT Services & Consulting,Hyderabad +16 other locations,Hyderabad
NTT,3.9,788,IT Services & Consulting,Mumbai +43 other locations,Mumbai
Neurealm,3.4,785,IT Services & Consulting,Chennai +18 other locations,Chennai
Allied Digital Services,3.2,783,IT Services & Consulting,Mumbai +58 other locations,Mumbai
Celebal Technologies,3.0,782,IT Services & Consulting,Jaipur +24 other locations,Jaipur
BNP Paribas India Solutions,3.6,770,IT Services & Consulting,Mumbai +10 other locations,Mumbai
Mindsprint,3.5,767,IT Services & Consulting,Chennai +10 other locations,Chennai
CMS Computers Limited (INDIA),3.7,766,IT Services & Consulting,New Delhi +77 other locations,New
TO THE NEW,3.6,766,IT Services & Consulting,Noida +20 other locations,Noida
Volkswagen Group Digital Solutions [India],3.9,756,IT Services & Consulting,Pune +15 other locations,Pune
Bitwise Solutions,3.6,755,IT Services & Consulting,Pune +9 other locations,Pune
Primus Global Technologies,3.7,753,IT Services & Consulting,Bengaluru +27 other locations,Bengaluru
LG Soft India,2.7,750,IT Services & Consulting,Bengaluru +15 other locations,Bengaluru
Rackspace,3.6,752,IT Services & Consulting,Gurugram +15 other locations,Gurugram
Trianz,3.7,751,IT Services & Consulting,Hyderabad +9 other locations,Hyderabad
Evision Technoserve,4.8,739,IT Services & Consulting,Pune +43 other locations,Pune
GirnarSoft,3.6,736,IT Services & Consulting,Gurugram +54 other locations,Gurugram
Koch Business Solutions,3.1,734,IT Services & Consulting,Bengaluru +11 other locations,Bengaluru
Expleo Solutions,3.5,730,IT Services & Consulting,Chennai +15 other locations,Chennai
Tavant Technologies,3.8,728,IT Services & Consulting,Bengaluru +13 other locations,Bengaluru
Tredence,3.3,728,IT Services & Consulting,Bengaluru +9 other locations,Bengaluru
Bristlecone,3.6,727,IT Services & Consulting,Bengaluru +14 other locations,Bengaluru
Vertex Customer Solutions,3.5,725,IT Services & Consulting,Chennai +33 other locations,Chennai
Lavender Technology,4.9,724,IT Services & Consulting,Bengaluru +8 other locations,Bengaluru
Bahwan CyberTek,3.3,721,IT Services & Consulting,Chennai +21 other locations,Chennai
PrimEra Medical Technologies,3.5,714,IT Services & Consulting,Hyderabad +14 other locations,Hyderabad
Ness Digital Engineering,3.2,710,IT Services & Consulting,Bengaluru +11 other locations,Bengaluru
XcelServ Solutions,4.4,708,IT Services & Consulting,New Delhi +33 other locations,New
CtrlS,3.6,707,IT Services & Consulting,Hyderabad +17 other locations,Hyderabad
Kaar Tech,4.3,699,IT Services & Consulting,Chennai +12 other locations,Chennai
Capco Technologies,3.8,698,IT Services & Consulting,Bengaluru +18 other locations,Bengaluru
Orient Technologies,3.7,689,IT Services & Consulting,Mumbai +50 other locations,Mumbai
Wissen Infotech,3.5,685,IT Services & Consulting,Bengaluru +15 other locations,Bengaluru
Wissen Technology,3.8,682,IT Services & Consulting,Bengaluru +9 other locations,Bengaluru
JoulestoWatts Business Solutions,3.4,676,IT Services & Consulting,Bengaluru +17 other locations,Bengaluru
